date,temperature,humidity,luminosity,pressure
2022-11-17 15:44:44.557,26.8,31.6,172,1014.3
2022-11-17 15:44:39.513,26.8,31.6,269,1014.3
2022-11-17 15:44:34.470,26.8,31.6,60,1014.2
2022-11-17 15:44:29.426,26.9,31.6,61,1014.2
2022-11-17 15:44:24.384,26.9,31.7,61,1014.3
2022-11-17 15:44:19.339,26.9,31.7,53,1014.2
2022-11-17 15:44:14.296,26.8,31.6,61,1014.2
2022-11-17 15:44:09.252,26.8,31.6,61,1014.3
2022-11-17 15:44:04.209,26.9,31.6,60,1014.3
2022-11-17 15:43:59.166,26.9,31.7,54,1014.2
2022-11-17 15:43:54.122,26.9,31.7,61,1014.3
2022-11-17 15:43:49.079,26.9,31.7,61,1014.2
2022-11-17 15:43:44.035,26.9,31.9,61,1014.3
2022-11-17 15:43:38.993,26.9,31.8,61,1014.2
2022-11-17 15:43:33.948,26.9,31.8,61,1014.3
2022-11-17 15:43:28.905,26.9,31.8,61,1014.2
2022-11-17 15:43:23.862,26.9,31.9,61,1014.2
2022-11-17 15:43:18.818,26.9,31.9,61,1014.3
2022-11-17 15:43:13.774,26.9,32.0,60,1014.3
2022-11-17 15:43:08.730,26.9,32.0,60,1014.3
2022-11-17 15:43:03.687,26.9,32.2,61,1014.3
2022-11-17 15:42:58.643,26.9,32.3,60,1014.2
2022-11-17 15:42:53.600,26.9,32.4,61,1014.3
2022-11-17 15:42:48.557,26.9,32.3,60,1014.3
2022-11-17 15:42:43.514,26.9,32.2,60,1014.3
2022-11-17 15:42:38.472,26.9,32.3,61,1014.3
2022-11-17 15:42:33.428,26.9,32.3,61,1014.2
2022-11-17 15:42:28.385,26.9,32.4,61,1014.3
2022-11-17 15:42:23.341,26.9,32.5,60,1014.3
2022-11-17 15:42:18.298,26.9,32.7,61,1014.2
2022-11-17 15:42:13.255,26.9,32.9,61,1014.2
2022-11-17 15:42:08.212,26.9,33.1,58,1014.3
2022-11-17 15:42:03.168,27.0,33.4,61,1014.2
2022-11-17 15:41:58.124,27.0,33.6,61,1014.2
2022-11-17 15:41:53.081,26.9,33.9,61,1014.2
2022-11-17 15:41:48.037,26.9,34.3,62,1014.3
2022-11-17 15:41:42.994,26.9,34.8,61,1014.2
2022-11-17 15:40:37.104,26.6,34.0,704,1014.2
2022-11-17 15:40:32.061,26.6,34.6,239,1014.2
2022-11-17 15:40:27.018,26.6,35.1,238,1014.2
2022-11-17 15:40:21.975,26.5,35.7,245,1014.2
2022-11-17 15:40:16.932,26.6,36.7,252,1014.2
2022-11-17 15:40:11.888,26.5,37.7,88,1014.2
2022-11-17 15:40:06.844,26.5,39.1,309,1014.2
2022-11-17 15:40:01.800,26.5,39.6,305,1014.2
2022-11-17 15:39:56.757,26.5,38.5,336,1014.2
2022-11-17 15:39:51.713,26.5,36.7,450,1014.2
2022-11-17 15:39:46.669,26.3,35.1,46,1014.2
2022-11-17 15:39:41.625,26.4,35.2,444,1014.2
2022-11-17 15:39:36.583,26.3,31.8,389,1014.3
2022-11-17 15:39:31.539,26.3,31.7,497,1014.2
2022-11-17 15:39:26.496,26.3,31.7,199,1014.2
2022-11-17 15:39:21.453,26.3,31.7,199,1014.2
2022-11-17 15:39:16.410,26.3,31.7,198,1014.2
2022-11-17 15:39:11.367,26.4,31.7,199,1014.2
2022-11-17 15:37:37.989,26.2,31.9,172,1014.1
2022-11-17 15:37:32.946,26.2,31.9,172,1014.2
2022-11-17 15:37:27.903,26.2,31.9,186,1014.2
2022-11-17 15:37:22.860,26.2,32.0,186,1014.2
2022-11-17 15:37:17.817,26.2,32.0,182,1014.2
2022-11-17 15:37:12.772,26.2,31.9,185,1014.1
2022-11-17 15:37:07.729,26.2,32.0,184,1014.2
2022-11-17 15:37:02.685,26.2,31.9,185,1014.1
2022-11-17 15:36:57.642,26.2,32.0,185,1014.2
2022-11-17 15:36:52.598,26.2,32.1,186,1014.2
2022-11-17 15:36:47.555,26.1,32.3,186,1014.2
2022-11-17 15:36:42.513,26.2,32.4,186,1014.2
2022-11-17 15:36:37.469,26.2,32.4,186,1014.1
2022-11-17 15:36:32.424,26.1,32.2,186,1014.1
2022-11-17 15:36:27.381,26.1,32.0,178,1014.1
2022-11-17 15:36:22.337,26.1,32.0,178,1014.1
2022-11-17 15:36:17.293,26.2,32.0,179,1014.1
2022-11-17 15:36:12.250,26.2,32.2,180,1014.2
2022-11-17 15:36:07.206,26.1,32.3,179,1014.1
2022-11-17 15:36:02.163,26.2,32.4,179,1014.1
2022-11-17 15:35:57.120,26.2,32.3,181,1014.1
2022-11-17 15:35:52.076,26.1,32.4,184,1014.2
2022-11-17 15:35:47.033,26.2,32.3,184,1014.1
2022-11-17 15:35:41.989,26.2,32.1,180,1014.1
2022-11-17 15:35:36.946,26.2,32.1,179,1014.2
2022-11-17 15:35:31.902,26.1,32.0,180,1014.1
2022-11-17 15:35:26.859,26.2,31.9,180,1014.1
2022-11-17 15:35:21.816,26.2,31.7,175,1014.1
2022-11-17 15:35:16.773,26.2,31.8,177,1014.1
2022-11-17 15:35:11.729,26.2,31.8,180,1014.1
2022-11-17 15:35:06.686,26.2,31.9,180,1014.1
2022-11-17 15:35:01.643,26.2,32.0,174,1014.1
2022-11-17 15:34:56.599,26.1,31.9,174,1014.1
2022-11-17 15:34:51.556,26.1,31.8,178,1014.1
2022-11-17 15:30:29.426,26.2,31.7,187,1014.0
2022-11-17 15:30:24.383,26.2,31.7,192,1014.1
2022-11-17 15:30:19.339,26.1,31.6,193,1014.1
2022-11-17 15:30:14.296,26.2,31.7,193,1014.1
2022-11-17 15:30:09.252,26.2,31.6,188,1014.1
2022-11-17 15:30:04.209,26.2,31.7,192,1014.1
2022-11-17 15:29:59.166,26.2,31.7,193,1014.1
2022-11-17 15:29:54.122,26.2,31.7,192,1014.1
2022-11-17 15:29:49.078,26.1,31.7,191,1014.0
2022-11-17 15:29:44.036,26.1,31.6,187,1014.1
2022-11-17 15:29:38.993,26.1,31.7,185,1014.1
2022-11-17 15:29:33.950,26.1,31.6,185,1014.1
2022-11-17 15:29:28.907,26.1,31.8,191,1014.1
2022-11-17 15:29:23.863,26.2,31.8,189,1014.0
2022-11-17 15:29:18.820,26.2,31.8,188,1014.1
2022-11-17 15:29:13.777,26.1,31.7,187,1014.1
2022-11-17 15:29:08.734,26.2,31.6,192,1014.1
2022-11-17 15:29:03.691,26.1,31.8,191,1014.1
2022-11-17 15:28:58.647,26.2,31.8,193,1014.1
2022-11-17 15:28:53.603,26.2,31.9,186,1014.1
2022-11-17 15:28:48.560,26.2,31.8,189,1014.1
2022-11-17 15:28:43.516,26.1,31.9,192,1014.1
2022-11-17 15:28:38.472,26.2,32.0,185,1014.1
2022-11-17 15:28:33.429,26.2,32.0,183,1014.1
2022-11-17 15:28:28.386,26.2,32.1,192,1014.1
2022-11-17 15:28:23.342,26.1,32.1,190,1014.1
2022-11-17 15:28:18.298,26.1,32.0,192,1014.1
2022-11-17 15:28:13.256,26.1,32.0,192,1014.1
2022-11-17 15:28:08.212,26.1,31.9,193,1014.1
2022-11-17 15:28:03.168,26.1,32.1,192,1014.1
2022-11-17 15:27:58.123,26.1,32.0,193,1014.1
2022-11-17 15:27:53.080,26.1,32.1,188,1014.1
2022-11-17 15:27:48.036,26.1,32.1,187,1014.1
2022-11-17 15:27:42.993,26.1,32.3,192,1014.1
2022-11-17 15:27:37.950,26.1,32.2,193,1014.1
2022-11-17 15:27:32.906,26.1,32.1,196,1014.1
2022-11-17 15:27:27.862,26.2,32.0,194,1014.1
2022-11-17 15:27:22.819,26.1,32.0,195,1014.1
2022-11-17 15:27:17.775,26.1,32.0,196,1014.1
2022-11-17 15:27:12.732,26.1,31.9,195,1014.1
2022-11-17 15:27:07.688,26.1,32.1,196,1014.1
2022-11-17 15:27:02.645,26.1,32.1,196,1014.1
2022-11-17 15:26:57.601,26.1,32.0,193,1014.1
2022-11-17 15:26:52.557,26.1,31.9,195,1014.1
2022-11-17 15:26:47.514,26.1,31.9,194,1014.1
2022-11-17 15:26:42.471,26.1,31.8,187,1014.0
2022-11-17 15:26:37.428,26.1,31.8,189,1014.1
2022-11-17 15:26:32.383,26.0,31.9,187,1014.1
2022-11-17 15:26:27.339,26.1,31.9,191,1014.0
2022-11-17 15:26:22.296,26.1,31.9,187,1014.1
2022-11-17 15:26:17.252,26.1,32.1,194,1014.1
2022-11-17 15:26:12.208,26.1,32.2,193,1014.1
2022-11-17 15:26:07.165,26.1,32.5,189,1014.0
2022-11-17 15:26:02.122,26.0,32.7,191,1014.1
2022-11-17 15:25:57.077,26.1,33.1,195,1014.1
2022-11-17 15:25:52.034,26.1,33.0,196,1014.1
2022-11-17 15:25:46.991,26.1,32.9,194,1014.1
2022-11-17 15:25:41.948,26.0,32.5,190,1014.1
2022-11-17 15:25:36.905,26.1,32.3,197,1014.1
2022-11-17 15:25:31.862,26.1,32.1,197,1014.1
2022-11-17 15:25:26.817,26.1,32.1,197,1014.0
2022-11-17 15:25:21.774,26.0,32.1,197,1014.0
2022-11-17 15:25:16.730,26.0,32.1,196,1014.1
2022-11-17 15:25:11.686,26.1,32.1,198,1014.1
2022-11-17 15:25:06.643,26.0,32.1,198,1014.1
2022-11-17 15:25:01.600,26.1,32.1,197,1014.1
2022-11-17 15:24:56.556,26.0,32.1,195,1014.1
2022-11-17 15:24:51.512,26.0,32.1,193,1014.0
2022-11-17 15:24:46.469,26.0,32.2,191,1014.1
2022-11-17 15:24:41.425,26.0,32.1,193,1014.1
2022-11-17 15:24:36.381,26.0,32.1,193,1014.1
2022-11-17 15:24:31.337,26.0,32.0,193,1014.1
2022-11-17 15:24:26.293,26.0,32.0,193,1014.1
2022-11-17 15:24:21.249,26.0,32.1,196,1014.0
2022-11-17 15:24:16.206,26.0,32.1,191,1014.1
2022-11-17 15:24:11.162,26.0,32.1,191,1014.0
2022-11-17 15:24:06.118,26.1,32.0,197,1014.1
2022-11-17 15:24:01.075,26.0,32.0,197,1014.1
2022-11-17 15:23:56.031,26.1,32.0,196,1014.1
2022-11-17 15:23:50.988,26.0,32.0,191,1014.0
2022-11-17 15:23:45.944,26.0,32.1,193,1014.1
2022-11-17 15:23:40.902,26.0,32.2,193,1014.1
2022-11-17 15:23:35.858,26.0,32.2,194,1014.0
2022-11-17 15:23:30.815,26.0,32.2,197,1014.0
2022-11-17 15:23:25.772,26.0,32.2,197,1014.1
2022-11-17 15:23:20.729,26.0,32.1,191,1014.0
2022-11-17 15:23:15.685,26.0,32.0,198,1014.1
2022-11-17 15:23:10.641,26.0,32.0,199,1014.0
2022-11-17 15:23:05.598,25.9,32.1,199,1014.1
2022-11-17 15:23:00.555,26.0,32.2,196,1014.1
2022-11-17 15:22:55.511,26.0,32.2,195,1014.1
2022-11-17 15:22:50.467,25.9,32.2,197,1014.1
2022-11-17 15:22:45.423,26.0,32.1,199,1014.1
2022-11-17 15:22:40.380,26.0,32.3,195,1014.1
2022-11-17 15:22:35.336,26.0,32.4,192,1014.0
2022-11-17 15:22:30.292,25.9,32.5,191,1014.0
2022-11-17 15:22:25.248,26.0,32.5,195,1014.0
2022-11-17 15:22:20.205,25.9,32.5,199,1014.1
2022-11-17 15:22:15.162,25.9,32.4,198,1014.0
2022-11-17 15:22:10.118,25.9,32.5,199,1014.1
2022-11-17 15:22:05.074,25.9,32.5,199,1014.0
2022-11-17 15:22:00.030,25.9,32.7,197,1014.0
2022-11-17 15:21:54.987,25.9,32.6,194,1014.0
2022-11-17 15:21:49.944,25.9,32.5,199,1014.0
2022-11-17 15:21:44.900,25.9,32.6,200,1014.1
2022-11-17 15:21:39.857,25.9,32.6,194,1014.1
2022-11-17 15:21:34.814,25.9,32.6,195,1014.0
2022-11-17 15:21:29.771,25.9,32.5,194,1014.0
2022-11-17 15:21:24.726,26.0,32.3,199,1014.1
2022-11-17 15:21:19.682,25.9,32.4,199,1014.0
2022-11-17 15:21:14.638,25.9,32.5,200,1014.0
2022-11-17 15:21:09.595,26.0,32.6,200,1014.0
2022-11-17 15:21:04.550,26.0,32.6,198,1014.0
2022-11-17 15:20:59.507,26.0,32.6,200,1014.0
2022-11-17 15:20:54.463,26.0,32.5,199,1014.0
2022-11-17 15:20:49.420,26.0,32.4,199,1014.0
2022-11-17 15:20:44.377,26.0,32.5,194,1014.0
2022-11-17 15:20:39.333,25.9,32.2,194,1014.0
2022-11-17 15:20:34.289,26.0,32.2,191,1014.0
2022-11-17 15:20:29.245,26.0,31.9,191,1014.0
2022-11-17 15:20:24.201,26.0,31.9,194,1014.0
2022-11-17 15:20:19.157,26.0,32.0,196,1014.0
2022-11-17 15:20:14.112,26.0,32.0,192,1014.0
2022-11-17 15:20:09.068,26.0,32.1,197,1014.0
2022-11-17 15:20:04.024,26.0,32.2,190,1014.0
2022-11-17 15:19:58.982,26.0,32.2,190,1014.0
2022-11-17 15:19:53.939,26.0,32.2,184,1014.0
2022-11-17 15:19:48.895,26.0,32.1,192,1014.0
2022-11-17 15:19:43.852,25.9,32.2,193,1014.0
2022-11-17 15:19:38.808,25.9,32.3,194,1014.0
2022-11-17 15:19:33.764,25.9,32.2,182,1014.0
2022-11-17 15:19:28.720,25.9,32.2,181,1014.0
2022-11-17 15:19:23.676,25.9,32.3,203,1014.0
2022-11-17 15:19:18.634,25.9,32.4,206,1014.0
2022-11-17 15:19:13.589,25.9,32.4,198,1014.0
2022-11-17 15:19:08.546,25.9,32.5,200,1014.0
2022-11-17 15:19:03.502,25.9,32.4,199,1014.0
2022-11-17 15:18:58.458,25.9,32.5,201,1014.0
2022-11-17 15:18:53.414,25.9,32.5,199,1014.0
2022-11-17 15:18:48.371,25.9,32.4,197,1014.0
2022-11-17 15:18:43.327,25.9,32.6,194,1014.0
2022-11-17 15:18:38.283,25.9,32.6,205,1014.0
2022-11-17 15:18:33.239,25.9,32.6,204,1014.0
2022-11-17 15:18:28.196,25.9,32.6,202,1014.0
2022-11-17 15:18:23.153,25.9,32.6,205,1014.0
2022-11-17 15:18:18.110,25.9,32.6,205,1014.0
2022-11-17 15:18:13.067,25.8,32.7,202,1014.0
2022-11-17 15:18:08.023,25.9,32.7,200,1014.0
2022-11-17 15:18:02.980,25.8,32.6,206,1014.0
2022-11-17 15:17:57.937,25.8,32.7,206,1014.0
2022-11-17 15:17:52.892,25.8,32.8,205,1014.0
2022-11-17 15:17:47.849,25.8,32.8,205,1014.0
2022-11-17 15:17:42.805,25.8,32.8,206,1014.0
2022-11-17 15:17:37.762,25.8,32.8,175,1014.0
2022-11-17 15:17:32.719,25.7,32.8,207,1014.0
2022-11-17 15:17:27.677,25.7,32.9,207,1014.0
2022-11-17 15:17:22.634,25.7,32.9,204,1014.0
2022-11-17 15:17:17.591,25.7,32.8,207,1014.0
2022-11-17 15:17:12.548,25.8,32.7,206,1014.0
2022-11-17 15:17:07.505,25.7,32.8,200,1014.0
2022-11-17 15:17:02.461,25.7,32.8,204,1014.0
2022-11-17 15:16:57.418,25.7,32.8,205,1014.0
2022-11-17 15:16:52.375,25.7,33.1,207,1014.0
2022-11-17 15:16:47.332,25.7,33.2,208,1014.0
2022-11-17 15:16:42.290,25.7,33.1,203,1014.0
2022-11-17 15:16:37.246,25.7,33.2,204,1014.0
2022-11-17 15:16:32.203,25.7,33.2,206,1014.0
2022-11-17 15:16:27.159,25.7,33.0,207,1014.0
2022-11-17 15:16:22.115,25.7,33.1,210,1014.0
2022-11-17 15:16:17.071,25.7,33.2,208,1014.0
2022-11-17 15:16:12.028,25.7,33.3,213,1014.0
2022-11-17 15:16:06.985,25.7,33.5,213,1014.0
2022-11-17 15:16:01.943,25.7,33.7,210,1014.0
2022-11-17 15:15:56.899,25.7,33.9,209,1014.0
2022-11-17 15:15:51.856,25.7,33.9,213,1014.0
2022-11-17 15:15:46.813,25.7,34.0,215,1014.0
2022-11-17 15:15:41.770,25.7,34.0,215,1014.0
2022-11-17 15:15:36.727,25.7,33.8,214,1014.0
2022-11-17 15:15:31.684,25.7,33.8,208,1014.0
2022-11-17 15:15:26.640,25.7,33.9,213,1013.9
2022-11-17 15:15:21.597,25.6,33.9,219,1013.9
2022-11-17 15:15:16.554,25.6,34.0,219,1013.9
2022-11-17 15:15:11.511,25.6,33.9,217,1013.9
2022-11-17 15:15:06.467,25.6,33.9,221,1014.0
2022-11-17 15:15:01.425,25.6,34.1,221,1013.9
2022-11-17 15:14:56.382,25.6,34.3,216,1013.9
2022-11-17 15:14:51.339,25.6,34.7,221,1014.0
2022-11-17 15:14:46.296,25.6,35.1,222,1013.9
2022-11-17 15:14:41.253,25.6,35.6,220,1014.0
2022-11-17 15:14:36.209,25.5,36.1,221,1014.0
2022-11-17 15:14:31.166,25.6,36.5,221,1014.0
2022-11-17 15:14:26.123,25.6,37.2,221,1014.0
2022-11-17 15:14:21.079,25.6,38.4,221,1013.9
2022-11-17 15:14:16.036,25.5,39.7,220,1013.9
2022-11-17 15:14:10.993,25.6,41.3,220,1013.9
2022-11-17 15:14:05.950,25.5,43.2,221,1013.9
2022-11-17 15:14:00.907,25.5,43.0,700,1014.0
2022-11-17 15:13:55.864,25.5,42.0,188,1014.0
2022-11-17 15:13:50.821,25.5,40.9,222,1014.0
2022-11-17 15:13:45.778,25.4,40.8,125,1014.0
2022-11-17 15:13:40.735,25.3,38.7,369,1014.0
2022-11-17 15:13:35.692,25.4,39.5,35,1014.0
2022-11-17 15:13:30.650,25.3,38.5,17,1014.0
2022-11-17 15:13:25.607,25.4,37.8,85,1014.0
2022-11-17 15:13:20.564,25.3,37.0,674,1014.0
2022-11-17 15:13:15.521,25.3,36.3,710,1014.0
2022-11-17 15:13:10.478,25.3,35.3,51,1014.0
2022-11-17 15:13:05.435,25.3,33.4,701,1014.0
2022-11-17 15:13:00.393,25.3,32.7,836,1013.9
2022-11-17 15:12:55.349,25.3,32.7,704,1013.9
2022-11-17 15:12:50.307,25.4,32.6,88,1013.9
2022-11-17 15:12:45.264,25.4,32.6,95,1013.9
2022-11-17 15:12:40.221,25.4,32.7,99,1014.0
2022-11-17 15:12:35.177,25.4,32.7,99,1013.9
2022-11-17 15:12:30.133,25.4,32.7,99,1013.9
2022-11-17 15:12:25.090,25.4,32.7,99,1013.9
2022-11-17 15:12:20.047,25.4,32.9,96,1014.0
2022-11-17 15:12:15.004,25.4,32.9,100,1014.0
2022-11-17 15:12:09.961,25.4,32.9,99,1013.9
2022-11-17 15:12:04.917,25.4,32.8,100,1014.0
2022-11-17 15:11:59.873,25.4,32.9,99,1013.9
2022-11-17 15:11:54.830,25.4,32.7,100,1013.9
2022-11-17 15:11:49.786,25.4,32.7,100,1014.0
2022-11-17 15:11:44.742,25.4,32.7,100,1013.9
2022-11-17 15:11:39.698,25.3,32.7,99,1013.9
2022-11-17 15:11:34.654,25.4,32.7,100,1013.9
2022-11-17 15:11:29.610,25.4,32.6,100,1013.9
2022-11-17 15:11:24.566,25.4,32.6,100,1014.0
2022-11-17 15:11:19.523,25.4,32.6,100,1014.0
2022-11-17 15:11:14.479,25.4,32.6,100,1013.9
2022-11-17 15:11:09.436,25.4,32.7,99,1014.0
2022-11-17 15:11:04.392,25.4,32.7,99,1013.9
2022-11-17 15:10:59.349,25.3,32.8,99,1013.9
2022-11-17 15:10:54.306,25.4,32.8,100,1013.9
2022-11-17 15:10:49.263,25.4,32.9,99,1013.9
2022-11-17 15:10:44.219,25.3,32.9,100,1013.9
2022-11-17 15:10:39.175,25.3,33.0,99,1013.9
2022-11-17 15:10:34.132,25.3,33.0,100,1013.9
2022-11-17 15:10:29.089,25.3,32.9,99,1013.9
2022-11-17 15:10:24.045,25.3,32.9,99,1013.9
2022-11-17 15:10:19.001,25.3,32.9,99,1013.9
2022-11-17 15:10:13.957,25.3,32.8,100,1014.0
2022-11-17 15:10:08.913,25.3,32.7,99,1013.9
2022-11-17 15:10:03.869,25.4,32.8,97,1013.9
2022-11-17 15:09:58.826,25.4,32.7,100,1013.9
2022-11-17 15:09:53.782,25.4,32.6,100,1013.9
2022-11-17 15:09:48.739,25.4,32.6,100,1013.9
2022-11-17 15:09:43.694,25.4,32.7,99,1013.9
2022-11-17 15:09:38.650,25.4,32.7,100,1013.9
2022-11-17 15:09:33.606,25.4,32.7,100,1014.0
2022-11-17 15:09:28.563,25.4,32.8,100,1013.9
2022-11-17 15:09:23.519,25.4,32.8,100,1013.9
2022-11-17 15:09:18.476,25.4,32.8,99,1013.9
2022-11-17 15:09:13.433,25.4,32.9,99,1013.9
2022-11-17 15:09:08.389,25.4,33.0,100,1013.9
2022-11-17 15:09:03.345,25.4,33.2,100,1013.8
2022-11-17 15:08:58.302,25.4,33.2,99,1013.8
2022-11-17 15:08:53.257,25.5,33.3,67,1013.9
2022-11-17 15:08:48.214,25.5,33.5,18,1014.0
2022-11-17 15:08:43.170,25.5,33.3,74,1013.9
2022-11-17 15:08:38.127,25.5,33.0,75,1013.9
2022-11-17 15:08:33.084,25.5,32.9,75,1013.9
2022-11-17 15:08:28.040,25.5,32.8,74,1013.9
2022-11-17 15:08:22.998,25.5,33.0,75,1013.8
2022-11-17 15:08:17.954,25.5,33.1,74,1013.8
2022-11-17 15:08:12.910,25.5,33.1,74,1013.9
2022-11-17 15:08:07.866,25.5,33.2,74,1013.9
2022-11-17 15:08:02.822,25.4,33.3,75,1013.9
2022-11-17 15:07:57.778,25.5,33.3,75,1013.9
2022-11-17 15:07:52.735,25.5,32.9,75,1013.9
2022-11-17 15:07:47.691,25.5,32.7,54,1013.9
2022-11-17 15:07:42.648,25.4,32.7,74,1013.9
2022-11-17 15:07:37.606,25.5,32.8,74,1013.9
2022-11-17 15:07:32.562,25.5,32.8,74,1013.9
2022-11-17 15:07:27.518,25.4,32.9,74,1013.9
2022-11-17 15:07:22.474,25.4,32.9,74,1013.9
2022-11-17 15:07:17.430,25.4,32.9,74,1013.9
2022-11-17 15:07:12.386,25.4,32.6,71,1013.8
2022-11-17 15:07:07.342,25.4,32.5,71,1013.9
2022-11-17 15:07:02.299,25.4,32.6,74,1013.8
2022-11-17 15:06:57.256,25.4,32.5,74,1013.9
2022-11-17 15:06:52.212,25.4,32.5,74,1013.9
2022-11-17 15:06:47.170,25.4,32.4,74,1013.9
2022-11-17 15:06:42.127,25.4,32.4,74,1013.8
2022-11-17 15:06:37.082,25.4,32.6,74,1013.9
2022-11-17 15:06:32.039,25.4,32.6,74,1013.9
2022-11-17 15:06:26.996,25.4,32.5,75,1013.9
2022-11-17 15:06:21.951,25.4,32.6,75,1013.9
2022-11-17 15:06:16.908,25.4,32.6,75,1013.9
2022-11-17 15:06:11.865,25.5,32.7,74,1013.8
2022-11-17 15:06:06.821,25.4,32.7,74,1013.8
2022-11-17 15:06:01.777,25.4,32.7,75,1013.9
2022-11-17 15:05:56.734,25.4,32.6,75,1013.9
2022-11-17 15:05:51.690,25.4,32.6,75,1013.9
2022-11-17 15:05:46.646,25.4,32.6,74,1013.9
2022-11-17 15:05:41.603,25.4,32.6,74,1013.9
2022-11-17 15:05:36.559,25.4,32.5,74,1013.9
2022-11-17 15:05:31.516,25.4,32.5,74,1013.9
2022-11-17 15:05:26.472,25.4,32.4,74,1013.8
2022-11-17 15:05:21.429,25.4,32.4,74,1013.9
2022-11-17 15:05:16.386,25.4,32.5,74,1013.9
2022-11-17 15:05:11.342,25.4,32.4,74,1013.8
2022-11-17 15:05:06.299,25.4,32.4,74,1013.8
2022-11-17 15:05:01.256,25.4,32.4,74,1013.9
2022-11-17 15:04:56.213,25.4,32.3,74,1013.9
2022-11-17 15:04:51.170,25.4,32.3,74,1013.8
2022-11-17 15:04:46.126,25.4,32.3,74,1013.8
2022-11-17 15:04:41.083,25.4,32.3,74,1013.9
2022-11-17 15:04:36.039,25.4,32.4,74,1013.9
2022-11-17 15:04:30.995,25.4,32.4,74,1013.8
2022-11-17 15:04:25.953,25.4,32.3,74,1013.8
2022-11-17 15:04:20.909,25.4,32.4,74,1013.9
2022-11-17 15:04:15.867,25.4,32.3,74,1013.9
2022-11-17 15:04:10.823,25.4,32.2,73,1013.8
2022-11-17 15:04:05.780,25.4,32.1,73,1013.9
2022-11-17 15:04:00.736,25.4,32.1,73,1013.8
2022-11-17 15:03:55.693,25.4,32.0,74,1013.9
2022-11-17 15:03:50.650,25.4,32.2,73,1013.8
2022-11-17 15:03:45.606,25.4,32.2,73,1013.8
2022-11-17 15:03:40.562,25.4,32.3,72,1013.9
2022-11-17 15:03:35.519,25.4,32.3,72,1013.8
2022-11-17 15:03:30.476,25.4,32.3,72,1013.8
2022-11-17 15:03:25.432,25.4,32.3,73,1013.9
2022-11-17 15:03:20.388,25.4,32.2,72,1013.8
2022-11-17 15:03:15.344,25.4,32.1,73,1013.8
2022-11-17 15:03:10.301,25.4,31.9,74,1013.8
2022-11-17 15:03:05.257,25.4,31.8,74,1013.9
2022-11-17 15:03:00.214,25.4,31.9,74,1013.9
2022-11-17 15:02:55.170,25.4,31.9,74,1013.8
2022-11-17 15:02:50.127,25.4,32.0,74,1013.8
2022-11-17 15:02:45.084,25.4,32.0,74,1013.8
2022-11-17 15:02:40.040,25.4,32.0,73,1013.8
2022-11-17 15:02:34.996,25.4,32.1,72,1013.8
2022-11-17 15:02:29.953,25.4,32.2,72,1013.9
2022-11-17 15:02:24.910,25.4,32.2,73,1013.9
2022-11-17 15:02:19.866,25.4,32.3,72,1013.9
2022-11-17 15:02:14.824,25.4,32.3,72,1013.9
2022-11-17 15:02:09.781,25.4,32.3,72,1013.8
2022-11-17 15:02:04.737,25.4,32.4,73,1013.8
2022-11-17 15:01:59.694,25.4,32.5,74,1013.8
2022-11-17 15:01:54.651,25.4,32.7,73,1013.9
2022-11-17 15:01:49.608,25.4,32.6,74,1013.9
2022-11-17 15:01:44.565,25.4,32.6,74,1013.9
2022-11-17 15:01:39.521,25.4,32.6,73,1013.8
2022-11-17 15:01:34.479,25.4,32.5,74,1013.8
2022-11-17 15:01:29.435,25.4,32.5,73,1013.9
2022-11-17 15:01:24.392,25.4,32.5,73,1013.8
2022-11-17 15:01:19.349,25.4,32.6,73,1013.9
2022-11-17 15:01:14.305,25.4,32.6,73,1013.9
2022-11-17 15:01:09.262,25.4,32.5,72,1013.9
2022-11-17 15:01:04.219,25.4,32.5,72,1013.8
2022-11-17 15:00:59.175,25.4,32.6,73,1013.9
2022-11-17 15:00:54.132,25.4,32.5,74,1013.9
2022-11-17 15:00:49.089,25.4,32.4,74,1013.9
2022-11-17 15:00:44.046,25.4,32.5,74,1013.9
2022-11-17 15:00:39.003,25.4,32.5,74,1013.9
2022-11-17 15:00:33.960,25.4,32.6,73,1013.8
2022-11-17 15:00:28.917,25.4,32.7,73,1013.9
2022-11-17 15:00:23.873,25.4,32.8,73,1013.9
2022-11-17 15:00:18.830,25.4,32.9,73,1013.9
2022-11-17 15:00:13.787,25.4,32.7,74,1013.9
2022-11-17 15:00:08.743,25.5,32.5,74,1013.9
2022-11-17 15:00:03.700,25.4,32.3,74,1013.9
2022-11-17 14:59:58.658,25.5,32.3,74,1013.9
2022-11-17 14:59:53.615,25.4,32.4,74,1013.9
2022-11-17 14:59:48.572,25.4,32.3,73,1013.9
2022-11-17 14:59:43.528,25.4,32.2,73,1013.9
2022-11-17 14:59:38.484,25.4,32.3,73,1013.8
2022-11-17 14:59:33.440,25.4,32.3,73,1013.8
2022-11-17 14:59:28.396,25.4,32.2,74,1013.9
2022-11-17 14:59:23.352,25.4,32.3,75,1013.9
2022-11-17 14:59:18.309,25.4,32.3,75,1013.9
2022-11-17 14:59:13.265,25.4,32.3,74,1013.9
2022-11-17 14:59:08.223,25.4,32.3,75,1013.9
2022-11-17 14:59:03.179,25.4,32.4,74,1013.9
2022-11-17 14:58:58.135,25.4,32.2,74,1013.9
2022-11-17 14:58:53.091,25.4,32.3,74,1013.8
2022-11-17 14:58:48.047,25.4,32.4,75,1013.8
2022-11-17 14:58:43.004,25.4,32.4,75,1013.9
2022-11-17 14:58:37.961,25.4,32.3,74,1013.9
2022-11-17 14:58:32.918,25.4,32.5,74,1013.9
2022-11-17 14:58:27.874,25.4,32.5,74,1013.9
2022-11-17 14:58:22.832,25.4,32.6,74,1013.9
2022-11-17 14:58:17.788,25.4,32.7,75,1013.9
2022-11-17 14:58:12.744,25.4,32.9,74,1013.9
2022-11-17 14:58:07.700,25.4,33.0,74,1013.9
2022-11-17 14:58:02.658,25.4,33.2,74,1013.9
2022-11-17 14:57:57.614,25.4,33.3,74,1013.9
2022-11-17 14:57:52.570,25.4,33.3,74,1013.9
2022-11-17 14:57:47.526,25.4,33.3,74,1013.9
2022-11-17 14:57:42.483,25.4,33.1,75,1013.9
2022-11-17 14:57:37.439,25.4,32.7,74,1013.9
2022-11-17 14:57:32.396,25.4,32.4,74,1013.9
2022-11-17 14:57:27.352,25.4,32.3,74,1013.9
2022-11-17 14:57:22.310,25.4,32.3,74,1013.9
2022-11-17 14:57:17.267,25.4,32.3,74,1013.8
2022-11-17 14:57:12.224,25.4,32.3,74,1013.9
2022-11-17 14:57:07.181,25.4,32.4,74,1013.9
2022-11-17 14:57:02.138,25.4,32.5,74,1013.9
2022-11-17 14:56:57.095,25.4,32.3,74,1013.9
2022-11-17 14:56:52.052,25.4,32.2,74,1013.9
2022-11-17 14:56:47.008,25.4,32.2,74,1013.9
2022-11-17 14:56:41.965,25.4,32.1,74,1013.8
2022-11-17 14:56:36.922,25.4,31.9,74,1013.9
2022-11-17 14:56:31.879,25.4,31.9,75,1013.8
2022-11-17 14:56:26.836,25.4,31.9,74,1013.9
2022-11-17 14:56:21.793,25.4,31.8,74,1013.8
2022-11-17 14:56:16.750,25.4,31.8,74,1013.9
2022-11-17 14:56:11.707,25.4,32.0,74,1013.9
2022-11-17 14:56:06.663,25.4,32.0,74,1013.9
2022-11-17 14:56:01.619,25.4,32.1,75,1013.8
